CURRUCUCU ZIBATA. 8D2PL9LSNTMG,,,,,,,,,,,,,,,,,,,,,,,,,,,,,
Ventas,,,,,,,,,,,,,,,,,,,,,,,,,,,,,
Historial de ventas del domingo 12 de julio de 2026 al lunes 13 de julio de 2026,,,,,,,,,,,,,,,,,,,,,,,,,,,,,
"Fecha de exportación: 10:22 AM, miércoles 15 de julio de 2026",,,,,,,,,,,,,,,,,,,,,,,,,,,,,
ID Venta Único,ID Artículo,ID de Cliente,Cliente,Teléfono Cliente,Código (SKU),Descripción Artículo,ID Categoría,Categoría,ID Subcategoría,Subcategoría,Cantidad Artículo, Importe Artículo ,ID Venta Numérico,Referencia,Estatus,Tipo de Venta,Artículos Total, Total Venta , Pago Total Venta , Pago Efectivo Venta , Pago Tarjetas Venta , Cambio Venta , Propina Venta ,Cierre de Venta,Registró Venta,Mesa Venta,Mesero Venta,Tipo de Servicio Venta, Descuento (Cortesía) 
2026-07-12_servicioEntrega,1619020699151-MIXTA SENCILLA,,,,-,Gorditas MIXTA SENCILLA,YQIH7dRsprDKo7czQeKH,COMAL,-,-,2, $110.00 ,,,Completada,Pedido a Domicilio,107," $9,386.00 "," $6,820.00 "," $3,700.00 "," $2,825.00 "," $1,085.00 ", $-   ,"4:19 PM, domingo 12 de julio de 2026",,,,,
2026-07-12_servicioEntrega,1619020699156-ESPECIAL CON CECINA O ARRACHERA O CARNITAS,,,,-,Huaraches ESPECIAL CON CECINA O ARRACHERA O CARNITAS,YQIH7dRsprDKo7czQeKH,COMAL,-,-,2, $350.00 ,,,Completada,Pedido a Domicilio,107," $9,386.00 "," $6,820.00 "," $3,700.00 "," $2,825.00 "," $1,085.00 ", $-   ,"4:19 PM, domingo 12 de julio de 2026",,,,,
2026-07-12_servicioEntrega,1619020699148-ARRIEROS,,,,-,Chilaquiles ARRIEROS,PtxDlyC77M9zbHO7pdwy,MENU ,-,-,2, $360.00 ,,,Completada,Pedido a Domicilio,107," $9,386.00 "," $6,820.00 "," $3,700.00 "," $2,825.00 "," $1,085.00 ", $-   ,"4:19 PM, domingo 12 de julio de 2026",,,,,
2026-07-12_servicioEntrega,1619020699151-SENCILLA,,,,-,Gorditas SENCILLA,YQIH7dRsprDKo7czQeKH,COMAL,-,-,2, $90.00 ,,,Completada,Pedido a Domicilio,107," $9,386.00 "," $6,820.00 "," $3,700.00 "," $2,825.00 "," $1,085.00 ", $-   ,"4:19 PM, domingo 12 de julio de 2026",,,,,
2026-07-12_servicioEntrega,cDOu9zXVilEPeqZqBpPe-CAFE DE OLLA,,,,-,Cafe CAFE DE OLLA,p2BB5iBeK3h0r5Ka8bzm,Bebidas ,-,-,3, $135.00 ,,,Completada,Pedido a Domicilio,107," $9,386.00 "," $6,820.00 "," $3,700.00 "," $2,825.00 "," $1,085.00 ", $-   ,"4:19 PM, domingo 12 de julio de 2026",,,,,
2026-07-12_servicioEntrega,n06hkidwlDUCwcu0le4m,,,,-,DESECHABLES,yqKUFZNrxtzpzD0ej8pF,EXTRAS,-,-,17, $170.00 ,,,Completada,Pedido a Domicilio,107," $9,386.00 "," $6,820.00 "," $3,700.00 "," $2,825.00 "," $1,085.00 ", $-   ,"4:19 PM, domingo 12 de julio de 2026",,,,,
2026-07-12_servicioEntrega,wEYVITjkFUruJoLnpmCR,,,,-,Chilaquiles Con Pollo,YQwkpu7YrFR44cX11RcB,Populares,-,-,1, $229.00 ,,,Completada,Pedido a Domicilio,107," $9,386.00 "," $6,820.00 "," $3,700.00 "," $2,825.00 "," $1,085.00 ", $-   ,"4:19 PM, domingo 12 de julio de 2026",,,,,
2026-07-12_servicioEntrega,MZTVlaha8LCfnbEdB3e0,,,,-,Enchiladas Verdes De Pollo,YQwkpu7YrFR44cX11RcB,Populares,-,-,1, $229.00 ,,,Completada,Pedido a Domicilio,107," $9,386.00 "," $6,820.00 "," $3,700.00 "," $2,825.00 "," $1,085.00 ", $-   ,"4:19 PM, domingo 12 de julio de 2026",,,,,
2026-07-12_servicioEntrega,D5w7B2p7Ag4tinprLBXe,,,,-,Molletes de Bistec,LaV5omLHDLKED5eKwVi3,Molletes,-,-,2, $432.00 ,,,Completada,Pedido a Domicilio,107," $9,386.00 "," $6,820.00 "," $3,700.00 "," $2,825.00 "," $1,085.00 ", $-   ,"4:19 PM, domingo 12 de julio de 2026",,,,,
2026-07-12_servicioEntrega,1619020699152-CON 1 GUISO,,,,-,Sopes CON 1 GUISO,YQIH7dRsprDKo7czQeKH,COMAL,-,-,3, $180.00 ,,,Completada,Pedido a Domicilio,107," $9,386.00 "," $6,820.00 "," $3,700.00 "," $2,825.00 "," $1,085.00 ", $-   ,"4:19 PM, domingo 12 de julio de 2026",,,,,
2026-07-12_servicioEntrega,1619020699155-CON 1 GUISO,,,,-,Quesadillas CON 1 GUISO,YQIH7dRsprDKo7czQeKH,COMAL,-,-,15, $825.00 ,,,Completada,Pedido a Domicilio,107," $9,386.00 "," $6,820.00 "," $3,700.00 "," $2,825.00 "," $1,085.00 ", $-   ,"4:19 PM, domingo 12 de julio de 2026",,,,,
2026-07-12_servicioEntrega,1619020699151-CON 1 GUISO,,,,-,Gorditas CON 1 GUISO,YQIH7dRsprDKo7czQeKH,COMAL,-,-,4, $220.00 ,,,Completada,Pedido a Domicilio,107," $9,386.00 "," $6,820.00 "," $3,700.00 "," $2,825.00 "," $1,085.00 ", $-   ,"4:19 PM, domingo 12 de julio de 2026",,,,,
2026-07-12_servicioEntrega,1619020699159,,,,-,Jugo de Naranja Fresco,p2BB5iBeK3h0r5Ka8bzm,Bebidas ,-,-,2, $120.00 ,,,Completada,Pedido a Domicilio,107," $9,386.00 "," $6,820.00 "," $3,700.00 "," $2,825.00 "," $1,085.00 ", $-   ,"4:19 PM, domingo 12 de julio de 2026",,,,,
2026-07-12_servicioEntrega,y9hu3EWzzic837bvbjHZ,,,,-,Flautas de Papa,Kb5eQFUFnWPZ9P02TUOz,Flautas,-,-,1, $162.00 ,,,Completada,Pedido a Domicilio,107," $9,386.00 "," $6,820.00 "," $3,700.00 "," $2,825.00 "," $1,085.00 ", $-   ,"4:19 PM, domingo 12 de julio de 2026",,,,,
2026-07-12_servicioEntrega,oGnkTKWQpQpsOK3nibt7,,,,-,Gorditas,UdSch7gGNUlrhfpHtbqV,DE NUESTRO COMAL,-,-,4, $268.00 ,,,Completada,Pedido a Domicilio,107," $9,386.00 "," $6,820.00 "," $3,700.00 "," $2,825.00 "," $1,085.00 ", $-   ,"4:19 PM, domingo 12 de julio de 2026",,,,,
2026-07-12_servicioEntrega,c1qAnoYpyV3DX20hkTyM-COCA COLA ZERO,,,,-,Refrescos COCA COLA ZERO,p2BB5iBeK3h0r5Ka8bzm,Bebidas ,-,-,1, $45.00 ,,,Completada,Pedido a Domicilio,107," $9,386.00 "," $6,820.00 "," $3,700.00 "," $2,825.00 "," $1,085.00 ", $-   ,"4:19 PM, domingo 12 de julio de 2026",,,,,
2026-07-12_servicioEntrega,1619020699155-SENCILLA,,,,-,Quesadillas SENCILLA,YQIH7dRsprDKo7czQeKH,COMAL,-,-,1, $45.00 ,,,Completada,Pedido a Domicilio,107," $9,386.00 "," $6,820.00 "," $3,700.00 "," $2,825.00 "," $1,085.00 ", $-   ,"4:19 PM, domingo 12 de julio de 2026",,,,,
2026-07-12_servicioEntrega,n16nyWRrB8z1eLD3NrCd,,,,-,Quesadillas,UdSch7gGNUlrhfpHtbqV,DE NUESTRO COMAL,-,-,14," $1,036.00 ",,,Completada,Pedido a Domicilio,107," $9,386.00 "," $6,820.00 "," $3,700.00 "," $2,825.00 "," $1,085.00 ", $-   ,"4:19 PM, domingo 12 de julio de 2026",,,,,
2026-07-12_servicioEntrega,g4NLIzJfbGrDEfT340R5,,,,-,Combo Quesadillas,YQIH7dRsprDKo7czQeKH,COMAL,-,-,2, $300.00 ,,,Completada,Pedido a Domicilio,107," $9,386.00 "," $6,820.00 "," $3,700.00 "," $2,825.00 "," $1,085.00 ", $-   ,"4:19 PM, domingo 12 de julio de 2026",,,,,
2026-07-12_servicioEntrega,1619020699140-CON TOCINO,,,,-,Huevos CON TOCINO,PtxDlyC77M9zbHO7pdwy,MENU ,-,-,1, $130.00 ,,,Completada,Pedido a Domicilio,107," $9,386.00 "," $6,820.00 "," $3,700.00 "," $2,825.00 "," $1,085.00 ", $-   ,"4:19 PM, domingo 12 de julio de 2026",,,,,
2026-07-12_servicioEntrega,1619020699149-SENCILLOS,,,,-,Tecolota SENCILLOS,PtxDlyC77M9zbHO7pdwy,MENU ,-,-,1, $110.00 ,,,Completada,Pedido a Domicilio,107," $9,386.00 "," $6,820.00 "," $3,700.00 "," $2,825.00 "," $1,085.00 ", $-   ,"4:19 PM, domingo 12 de julio de 2026",,,,,
2026-07-12_servicioEntrega,1619020699148-MAYAS,,,,-,Chilaquiles MAYAS,PtxDlyC77M9zbHO7pdwy,MENU ,-,-,1, $180.00 ,,,Completada,Pedido a Domicilio,107," $9,386.00 "," $6,820.00 "," $3,700.00 "," $2,825.00 "," $1,085.00 ", $-   ,"4:19 PM, domingo 12 de julio de 2026",,,,,
2026-07-12_servicioEntrega,1619020699145-MILANESA DE RES,,,,-,Tortas MILANESA DE RES,PtxDlyC77M9zbHO7pdwy,MENU ,-,-,1, $160.00 ,,,Completada,Pedido a Domicilio,107," $9,386.00 "," $6,820.00 "," $3,700.00 "," $2,825.00 "," $1,085.00 ", $-   ,"4:19 PM, domingo 12 de julio de 2026",,,,,
2026-07-12_servicioEntrega,1619020699155-ESPECIAL( CON CECINA O ARRACHERA O CARNITAS),,,,-,Quesadillas ESPECIAL( CON CECINA O ARRACHERA O CARNITAS),YQIH7dRsprDKo7czQeKH,COMAL,-,-,3, $240.00 ,,,Completada,Pedido a Domicilio,107," $9,386.00 "," $6,820.00 "," $3,700.00 "," $2,825.00 "," $1,085.00 ", $-   ,"4:19 PM, domingo 12 de julio de 2026",,,,,
2026-07-12_servicioEntrega,1619020699153-CON 1 GUISO,,,,-,Tacos CON 1 GUISO,YQIH7dRsprDKo7czQeKH,COMAL,-,-,3, $105.00 ,,,Completada,Pedido a Domicilio,107," $9,386.00 "," $6,820.00 "," $3,700.00 "," $2,825.00 "," $1,085.00 ", $-   ,"4:19 PM, domingo 12 de julio de 2026",,,,,
2026-07-12_servicioEntrega,TORTA_DE_MILANESA_DE,,,,-,TORTA DE MILANESA DE POLLO O RES,-,-,-,-,2, $432.00 ,,,Completada,Pedido a Domicilio,107," $9,386.00 "," $6,820.00 "," $3,700.00 "," $2,825.00 "," $1,085.00 ", $-   ,"4:19 PM, domingo 12 de julio de 2026",,,,,
2026-07-12_servicioEntrega,RkBVIiC4Ubk5g9ThOy4m,,,,-,Huevos a La Mexicana,9Uo0tvei1CnvEW5EqiRu,Huevos,-,-,2, $324.00 ,,,Completada,Pedido a Domicilio,107," $9,386.00 "," $6,820.00 "," $3,700.00 "," $2,825.00 "," $1,085.00 ", $-   ,"4:19 PM, domingo 12 de julio de 2026",,,,,
2026-07-12_servicioEntrega,f5S7P8Zowjn3uCHR34LX,,,,-,Molletes de Huevo,LaV5omLHDLKED5eKwVi3,Molletes,-,-,1, $182.00 ,,,Completada,Pedido a Domicilio,107," $9,386.00 "," $6,820.00 "," $3,700.00 "," $2,825.00 "," $1,085.00 ", $-   ,"4:19 PM, domingo 12 de julio de 2026",,,,,
2026-07-12_servicioEntrega,N7TPggqishErhAnyozx7,,,,-,Flautas de Pollo,Kb5eQFUFnWPZ9P02TUOz,Flautas,-,-,1, $229.00 ,,,Completada,Pedido a Domicilio,107," $9,386.00 "," $6,820.00 "," $3,700.00 "," $2,825.00 "," $1,085.00 ", $-   ,"4:19 PM, domingo 12 de julio de 2026",,,,,
2026-07-12_servicioEntrega,SwP7Q2haoxpylRPzmSJ1-SENCILLAS,,,,-,Enfrijoladas SENCILLAS,PtxDlyC77M9zbHO7pdwy,MENU ,-,-,1, $120.00 ,,,Completada,Pedido a Domicilio,107," $9,386.00 "," $6,820.00 "," $3,700.00 "," $2,825.00 "," $1,085.00 ", $-   ,"4:19 PM, domingo 12 de julio de 2026",,,,,
2026-07-12_servicioEntrega,1619020699148-SENCILLOS,,,,-,Chilaquiles SENCILLOS,PtxDlyC77M9zbHO7pdwy,MENU ,-,-,1, $150.00 ,,,Completada,Pedido a Domicilio,107," $9,386.00 "," $6,820.00 "," $3,700.00 "," $2,825.00 "," $1,085.00 ", $-   ,"4:19 PM, domingo 12 de julio de 2026",,,,,
2026-07-12_servicioEntrega,1619020699148-CON CECINA,,,,-,Chilaquiles CON CECINA,PtxDlyC77M9zbHO7pdwy,MENU ,-,-,1, $210.00 ,,,Completada,Pedido a Domicilio,107," $9,386.00 "," $6,820.00 "," $3,700.00 "," $2,825.00 "," $1,085.00 ", $-   ,"4:19 PM, domingo 12 de julio de 2026",,,,,
2026-07-12_servicioEntrega,1619020699146-ENCHILADAS SENCILLAS,,,,-,Enchiladas ENCHILADAS SENCILLAS,PtxDlyC77M9zbHO7pdwy,MENU ,-,-,1, $280.00 ,,,Completada,Pedido a Domicilio,107," $9,386.00 "," $6,820.00 "," $3,700.00 "," $2,825.00 "," $1,085.00 ", $-   ,"4:19 PM, domingo 12 de julio de 2026",,,,,
2026-07-12_servicioEntrega,sEoTfpjxoKaAvCWrN0Y9,,,,-,Chilaquiles Sencillos,PWUBPrGUOLTpErOda4NP,Chilaquiles,-,-,1, $128.00 ,,,Completada,Pedido a Domicilio,107," $9,386.00 "," $6,820.00 "," $3,700.00 "," $2,825.00 "," $1,085.00 ", $-   ,"4:19 PM, domingo 12 de julio de 2026",,,,,
2026-07-12_servicioEntrega,qsBr39LxFbNkid7B3EC0-DE PAPA,,,,-,Flautas DE PAPA,PtxDlyC77M9zbHO7pdwy,MENU ,-,-,1, $120.00 ,,,Completada,Pedido a Domicilio,107," $9,386.00 "," $6,820.00 "," $3,700.00 "," $2,825.00 "," $1,085.00 ", $-   ,"4:19 PM, domingo 12 de julio de 2026",,,,,
2026-07-12_servicioEntrega,1619020699145-MILANESA DE POLLO,,,,-,Tortas MILANESA DE POLLO,PtxDlyC77M9zbHO7pdwy,MENU ,-,-,2, $320.00 ,,,Completada,Pedido a Domicilio,107," $9,386.00 "," $6,820.00 "," $3,700.00 "," $2,825.00 "," $1,085.00 ", $-   ,"4:19 PM, domingo 12 de julio de 2026",,,,,
2026-07-12_servicioEntrega,9pkEXghxcivPiSOBuXQ7-Mediano,,,,-,Consome de Pollo Mediano,PtxDlyC77M9zbHO7pdwy,MENU ,-,-,1, $140.00 ,,,Completada,Pedido a Domicilio,107," $9,386.00 "," $6,820.00 "," $3,700.00 "," $2,825.00 "," $1,085.00 ", $-   ,"4:19 PM, domingo 12 de julio de 2026",,,,,
2026-07-12_servicioEntrega,1619020699150-MILANESA DE POLLO,,,,-,Milanesas Y Pechugas MILANESA DE POLLO,PtxDlyC77M9zbHO7pdwy,MENU ,-,-,1, $160.00 ,,,Completada,Pedido a Domicilio,107," $9,386.00 "," $6,820.00 "," $3,700.00 "," $2,825.00 "," $1,085.00 ", $-   ,"4:19 PM, domingo 12 de julio de 2026",,,,,
2026-07-12_servicioEntrega,gbOah8De7GNBMzoTw88H-GRANDE DE CERDO,,,,-,Pozole GRANDE DE CERDO,PtxDlyC77M9zbHO7pdwy,MENU ,-,-,1, $190.00 ,,,Completada,Pedido a Domicilio,107," $9,386.00 "," $6,820.00 "," $3,700.00 "," $2,825.00 "," $1,085.00 ", $-   ,"4:19 PM, domingo 12 de julio de 2026",,,,,
2026-07-12_servicioEntrega,qsBr39LxFbNkid7B3EC0-DE POLLO,,,,-,Flautas DE POLLO,PtxDlyC77M9zbHO7pdwy,MENU ,-,-,1, $170.00 ,,,Completada,Pedido a Domicilio,107," $9,386.00 "," $6,820.00 "," $3,700.00 "," $2,825.00 "," $1,085.00 ", $-   ,"4:19 PM, domingo 12 de julio de 2026",,,,,
2026-07-12_cuentaCliente,1619020699140-A LA MEXICANA,,,,-,Huevos A LA MEXICANA,PtxDlyC77M9zbHO7pdwy,MENU ,-,-,7, $805.00 ,,,Completada,Cuenta de Mesa,551," $47,746.00 "," $52,939.00 "," $25,445.00 "," $26,899.00 "," $5,193.00 "," $2,796.90 ","5:14 PM, domingo 12 de julio de 2026",,,,, $31.00 
2026-07-12_cuentaCliente,cDOu9zXVilEPeqZqBpPe-AMERICANO,,,,-,Cafe AMERICANO,p2BB5iBeK3h0r5Ka8bzm,Bebidas ,-,-,12, $480.00 ,,,Completada,Cuenta de Mesa,551," $47,746.00 "," $52,939.00 "," $25,445.00 "," $26,899.00 "," $5,193.00 "," $2,796.90 ","5:14 PM, domingo 12 de julio de 2026",,,,, $31.00 
2026-07-12_cuentaCliente,ZbPjIqLoSMpqimpCnQfP,,,,-,Tortillas (docena),yqKUFZNrxtzpzD0ej8pF,EXTRAS,-,-,1, $35.00 ,,,Completada,Cuenta de Mesa,551," $47,746.00 "," $52,939.00 "," $25,445.00 "," $26,899.00 "," $5,193.00 "," $2,796.90 ","5:14 PM, domingo 12 de julio de 2026",,,,, $31.00 
2026-07-12_cuentaCliente,1619020699140-INFANTIL ESTRELLADOS O REVUELTOS,,,,-,Huevos INFANTIL ESTRELLADOS O REVUELTOS,PtxDlyC77M9zbHO7pdwy,MENU ,-,-,3, $270.00 ,,,Completada,Cuenta de Mesa,551," $47,746.00 "," $52,939.00 "," $25,445.00 "," $26,899.00 "," $5,193.00 "," $2,796.90 ","5:14 PM, domingo 12 de julio de 2026",,,,, $31.00 
2026-07-12_cuentaCliente,1619020699140-CON JAMÓN,,,,-,Huevos CON JAMÓN,PtxDlyC77M9zbHO7pdwy,MENU ,-,-,5, $650.00 ,,,Completada,Cuenta de Mesa,551," $47,746.00 "," $52,939.00 "," $25,445.00 "," $26,899.00 "," $5,193.00 "," $2,796.90 ","5:14 PM, domingo 12 de julio de 2026",,,,, $31.00 
2026-07-12_cuentaCliente,1619020699140-RANCHEROS,,,,-,Huevos RANCHEROS,PtxDlyC77M9zbHO7pdwy,MENU ,-,-,10," $1,300.00 ",,,Completada,Cuenta de Mesa,551," $47,746.00 "," $52,939.00 "," $25,445.00 "," $26,899.00 "," $5,193.00 "," $2,796.90 ","5:14 PM, domingo 12 de julio de 2026",,,,, $31.00 
2026-07-12_cuentaCliente,1619020699140-OMELETTE DE JAMÓN Y QUESO,,,,-,Huevos OMELETTE DE JAMÓN Y QUESO,PtxDlyC77M9zbHO7pdwy,MENU ,-,-,3, $435.00 ,,,Completada,Cuenta de Mesa,551," $47,746.00 "," $52,939.00 "," $25,445.00 "," $26,899.00 "," $5,193.00 "," $2,796.90 ","5:14 PM, domingo 12 de julio de 2026",,,,, $31.00 
2026-07-12_cuentaCliente,1619020699148-MAYAS,,,,-,Chilaquiles MAYAS,PtxDlyC77M9zbHO7pdwy,MENU ,-,-,3, $540.00 ,,,Completada,Cuenta de Mesa,551," $47,746.00 "," $52,939.00 "," $25,445.00 "," $26,899.00 "," $5,193.00 "," $2,796.90 ","5:14 PM, domingo 12 de julio de 2026",,,,, $31.00 
2026-07-12_cuentaCliente,c1qAnoYpyV3DX20hkTyM-COCA COLA LIGHT,,,,-,Refrescos COCA COLA LIGHT,p2BB5iBeK3h0r5Ka8bzm,Bebidas ,-,-,2, $90.00 ,,,Completada,Cuenta de Mesa,551," $47,746.00 "," $52,939.00 "," $25,445.00 "," $26,899.00 "," $5,193.00 "," $2,796.90 ","5:14 PM, domingo 12 de julio de 2026",,,,, $31.00 
2026-07-12_cuentaCliente,1619020699159,,,,-,Jugo de Naranja Fresco,p2BB5iBeK3h0r5Ka8bzm,Bebidas ,-,-,39," $2,340.00 ",,,Completada,Cuenta de Mesa,551," $47,746.00 "," $52,939.00 "," $25,445.00 "," $26,899.00 "," $5,193.00 "," $2,796.90 ","5:14 PM, domingo 12 de julio de 2026",,,,, $31.00 
2026-07-12_cuentaCliente,1619020699155-SENCILLA,,,,-,Quesadillas SENCILLA,YQIH7dRsprDKo7czQeKH,COMAL,-,-,10, $450.00 ,,,Completada,Cuenta de Mesa,551," $47,746.00 "," $52,939.00 "," $25,445.00 "," $26,899.00 "," $5,193.00 "," $2,796.90 ","5:14 PM, domingo 12 de julio de 2026",,,,, $31.00 
2026-07-12_cuentaCliente,1619020699155-CON 1 GUISO,,,,-,Quesadillas CON 1 GUISO,YQIH7dRsprDKo7czQeKH,COMAL,-,-,32," $1,760.00 ",,,Completada,Cuenta de Mesa,551," $47,746.00 "," $52,939.00 "," $25,445.00 "," $26,899.00 "," $5,193.00 "," $2,796.90 ","5:14 PM, domingo 12 de julio de 2026",,,,, $31.00 
2026-07-12_cuentaCliente,1619020699140-OMELETTE DE CHAMPIÑONES O FLOR DE CALABAZA O HUITLACOCHE,,,,-,Huevos OMELETTE DE CHAMPIÑONES O FLOR DE CALABAZA O HUITLACOCHE,PtxDlyC77M9zbHO7pdwy,MENU ,-,-,1, $145.00 ,,,Completada,Cuenta de Mesa,551," $47,746.00 "," $52,939.00 "," $25,445.00 "," $26,899.00 "," $5,193.00 "," $2,796.90 ","5:14 PM, domingo 12 de julio de 2026",,,,, $31.00 
2026-07-12_cuentaCliente,gbOah8De7GNBMzoTw88H-MEDIANO DE POLLO,,,,-,Pozole MEDIANO DE POLLO,PtxDlyC77M9zbHO7pdwy,MENU ,-,-,6, $960.00 ,,,Completada,Cuenta de Mesa,551," $47,746.00 "," $52,939.00 "," $25,445.00 "," $26,899.00 "," $5,193.00 "," $2,796.90 ","5:14 PM, domingo 12 de julio de 2026",,,,, $31.00 
2026-07-12_cuentaCliente,ZHgQktd8drHU2XJrjIrw,,,,-,Rusa,p2BB5iBeK3h0r5Ka8bzm,Bebidas ,-,-,8, $480.00 ,,,Completada,Cuenta de Mesa,551," $47,746.00 "," $52,939.00 "," $25,445.00 "," $26,899.00 "," $5,193.00 "," $2,796.90 ","5:14 PM, domingo 12 de julio de 2026",,,,, $31.00 
2026-07-12_cuentaCliente,jM7eH7kBIHRWZ56V7G7a,,,,-,Chocolate,p2BB5iBeK3h0r5Ka8bzm,Bebidas ,-,-,3, $210.00 ,,,Completada,Cuenta de Mesa,551," $47,746.00 "," $52,939.00 "," $25,445.00 "," $26,899.00 "," $5,193.00 "," $2,796.90 ","5:14 PM, domingo 12 de julio de 2026",,,,, $31.00 
2026-07-12_cuentaCliente,SwP7Q2haoxpylRPzmSJ1-CON ARRACHERA,,,,-,Enfrijoladas CON ARRACHERA,PtxDlyC77M9zbHO7pdwy,MENU ,-,-,1, $210.00 ,,,Completada,Cuenta de Mesa,551," $47,746.00 "," $52,939.00 "," $25,445.00 "," $26,899.00 "," $5,193.00 "," $2,796.90 ","5:14 PM, domingo 12 de julio de 2026",,,,, $31.00 
2026-07-12_cuentaCliente,cDOu9zXVilEPeqZqBpPe-CAFE DE OLLA,,,,-,Cafe CAFE DE OLLA,p2BB5iBeK3h0r5Ka8bzm,Bebidas ,-,-,69," $3,105.00 ",,,Completada,Cuenta de Mesa,551," $47,746.00 "," $52,939.00 "," $25,445.00 "," $26,899.00 "," $5,193.00 "," $2,796.90 ","5:14 PM, domingo 12 de julio de 2026",,,,, $31.00 
2026-07-12_cuentaCliente,"1619020699146-DE POLLO, CHORIZO O BISTEC",,,,-,"Enchiladas DE POLLO, CHORIZO O BISTEC",PtxDlyC77M9zbHO7pdwy,MENU ,-,-,3, $510.00 ,,,Completada,Cuenta de Mesa,551," $47,746.00 "," $52,939.00 "," $25,445.00 "," $26,899.00 "," $5,193.00 "," $2,796.90 ","5:14 PM, domingo 12 de julio de 2026",,,,, $31.00 
2026-07-12_cuentaCliente,1619020699145-MILANESA DE POLLO,,,,-,Tortas MILANESA DE POLLO,PtxDlyC77M9zbHO7pdwy,MENU ,-,-,2, $320.00 ,,,Completada,Cuenta de Mesa,551," $47,746.00 "," $52,939.00 "," $25,445.00 "," $26,899.00 "," $5,193.00 "," $2,796.90 ","5:14 PM, domingo 12 de julio de 2026",,,,, $31.00 
2026-07-12_cuentaCliente,c1qAnoYpyV3DX20hkTyM-PEÑAFIEL,,,,-,Refrescos PEÑAFIEL,p2BB5iBeK3h0r5Ka8bzm,Bebidas ,-,-,14, $630.00 ,,,Completada,Cuenta de Mesa,551," $47,746.00 "," $52,939.00 "," $25,445.00 "," $26,899.00 "," $5,193.00 "," $2,796.90 ","5:14 PM, domingo 12 de julio de 2026",,,,, $31.00 
2026-07-12_cuentaCliente,SwP7Q2haoxpylRPzmSJ1-YUCATECAS,,,,-,Enfrijoladas YUCATECAS,PtxDlyC77M9zbHO7pdwy,MENU ,-,-,2, $380.00 ,,,Completada,Cuenta de Mesa,551," $47,746.00 "," $52,939.00 "," $25,445.00 "," $26,899.00 "," $5,193.00 "," $2,796.90 ","5:14 PM, domingo 12 de julio de 2026",,,,, $31.00 
2026-07-12_cuentaCliente,XwKe5euf35ysnjT64JoQ,,,,-,Jugo Verde,p2BB5iBeK3h0r5Ka8bzm,Bebidas ,-,-,17," $1,275.00 ",,,Completada,Cuenta de Mesa,551," $47,746.00 "," $52,939.00 "," $25,445.00 "," $26,899.00 "," $5,193.00 "," $2,796.90 ","5:14 PM, domingo 12 de julio de 2026",,,,, $31.00 
2026-07-12_cuentaCliente,g4NLIzJfbGrDEfT340R5,,,,-,Combo Quesadillas,YQIH7dRsprDKo7czQeKH,COMAL,-,-,4, $600.00 ,,,Completada,Cuenta de Mesa,551," $47,746.00 "," $52,939.00 "," $25,445.00 "," $26,899.00 "," $5,193.00 "," $2,796.90 ","5:14 PM, domingo 12 de julio de 2026",,,,, $31.00 
2026-07-12_cuentaCliente,1619020699140-LA CAZUELA DE LA ABUELA,,,,-,Huevos LA CAZUELA DE LA ABUELA,PtxDlyC77M9zbHO7pdwy,MENU ,-,-,2, $320.00 ,,,Completada,Cuenta de Mesa,551," $47,746.00 "," $52,939.00 "," $25,445.00 "," $26,899.00 "," $5,193.00 "," $2,796.90 ","5:14 PM, domingo 12 de julio de 2026",,,,, $31.00 
2026-07-12_cuentaCliente,n06hkidwlDUCwcu0le4m,,,,-,DESECHABLES,yqKUFZNrxtzpzD0ej8pF,EXTRAS,-,-,12, $120.00 ,,,Completada,Cuenta de Mesa,551," $47,746.00 "," $52,939.00 "," $25,445.00 "," $26,899.00 "," $5,193.00 "," $2,796.90 ","5:14 PM, domingo 12 de julio de 2026",,,,, $31.00 
2026-07-12_cuentaCliente,1619020699140-CON CHORIZO,,,,-,Huevos CON CHORIZO,PtxDlyC77M9zbHO7pdwy,MENU ,-,-,1, $145.00 ,,,Completada,Cuenta de Mesa,551," $47,746.00 "," $52,939.00 "," $25,445.00 "," $26,899.00 "," $5,193.00 "," $2,796.90 ","5:14 PM, domingo 12 de julio de 2026",,,,, $31.00 
2026-07-12_cuentaCliente,"1619020699156-HUARACHE DE NOPAL CON HUEVO, HUITLACOCHE, FLOR, CHAMPIÑONES",,,,-,"Huaraches HUARACHE DE NOPAL CON HUEVO, HUITLACOCHE, FLOR, CHAMPIÑONES",YQIH7dRsprDKo7czQeKH,COMAL,-,-,1, $135.00 ,,,Completada,Cuenta de Mesa,551," $47,746.00 "," $52,939.00 "," $25,445.00 "," $26,899.00 "," $5,193.00 "," $2,796.90 ","5:14 PM, domingo 12 de julio de 2026",,,,, $31.00 
2026-07-12_cuentaCliente,slyqnuc4jcLmtsVBMZy3,,,,-,Huevo Extra,yqKUFZNrxtzpzD0ej8pF,EXTRAS,-,-,2, $40.00 ,,,Completada,Cuenta de Mesa,551," $47,746.00 "," $52,939.00 "," $25,445.00 "," $26,899.00 "," $5,193.00 "," $2,796.90 ","5:14 PM, domingo 12 de julio de 2026",,,,, $31.00 
2026-07-12_cuentaCliente,j6lnD3xKqfLdJpMnLB8H,,,,-,PANQUE DE DATIL CON NUEZ,X4EmpDs4npVyo5WSh0io,POSTRES,-,-,1, $80.00 ,,,Completada,Cuenta de Mesa,551," $47,746.00 "," $52,939.00 "," $25,445.00 "," $26,899.00 "," $5,193.00 "," $2,796.90 ","5:14 PM, domingo 12 de julio de 2026",,,,, $31.00 
2026-07-12_cuentaCliente,1619020699150-MILANESA DE POLLO,,,,-,Milanesas Y Pechugas MILANESA DE POLLO,PtxDlyC77M9zbHO7pdwy,MENU ,-,-,4, $640.00 ,,,Completada,Cuenta de Mesa,551," $47,746.00 "," $52,939.00 "," $25,445.00 "," $26,899.00 "," $5,193.00 "," $2,796.90 ","5:14 PM, domingo 12 de julio de 2026",,,,, $31.00 
2026-07-12_cuentaCliente,1619020699148-SENCILLOS,,,,-,Chilaquiles SENCILLOS,PtxDlyC77M9zbHO7pdwy,MENU ,-,-,4, $600.00 ,,,Completada,Cuenta de Mesa,551," $47,746.00 "," $52,939.00 "," $25,445.00 "," $26,899.00 "," $5,193.00 "," $2,796.90 ","5:14 PM, domingo 12 de julio de 2026",,,,, $31.00 
2026-07-12_cuentaCliente,1619020699152-SENCILLO,,,,-,Sopes SENCILLO,YQIH7dRsprDKo7czQeKH,COMAL,-,-,9, $490.00 ,,,Completada,Cuenta de Mesa,551," $47,746.00 "," $52,939.00 "," $25,445.00 "," $26,899.00 "," $5,193.00 "," $2,796.90 ","5:14 PM, domingo 12 de julio de 2026",,,,, $31.00 
2026-07-12_cuentaCliente,SwP7Q2haoxpylRPzmSJ1-VERACRUZANAS,,,,-,Enfrijoladas VERACRUZANAS,PtxDlyC77M9zbHO7pdwy,MENU ,-,-,2, $380.00 ,,,Completada,Cuenta de Mesa,551," $47,746.00 "," $52,939.00 "," $25,445.00 "," $26,899.00 "," $5,193.00 "," $2,796.90 ","5:14 PM, domingo 12 de julio de 2026",,,,, $31.00 
2026-07-12_cuentaCliente,1619020699148-DEL PATRON,,,,-,Chilaquiles DEL PATRON,PtxDlyC77M9zbHO7pdwy,MENU ,-,-,3, $705.00 ,,,Completada,Cuenta de Mesa,551," $47,746.00 "," $52,939.00 "," $25,445.00 "," $26,899.00 "," $5,193.00 "," $2,796.90 ","5:14 PM, domingo 12 de julio de 2026",,,,, $31.00 
2026-07-12_cuentaCliente,1619020699148-SUIZOS CON POLLO,,,,-,Chilaquiles SUIZOS CON POLLO,PtxDlyC77M9zbHO7pdwy,MENU ,-,-,8," $1,620.00 ",,,Completada,Cuenta de Mesa,551," $47,746.00 "," $52,939.00 "," $25,445.00 "," $26,899.00 "," $5,193.00 "," $2,796.90 ","5:14 PM, domingo 12 de julio de 2026",,,,, $31.00 
2026-07-12_cuentaCliente,c1qAnoYpyV3DX20hkTyM-COCA COLA ZERO,,,,-,Refrescos COCA COLA ZERO,p2BB5iBeK3h0r5Ka8bzm,Bebidas ,-,-,7, $315.00 ,,,Completada,Cuenta de Mesa,551," $47,746.00 "," $52,939.00 "," $25,445.00 "," $26,899.00 "," $5,193.00 "," $2,796.90 ","5:14 PM, domingo 12 de julio de 2026",,,,, $31.00 
2026-07-12_cuentaCliente,9pkEXghxcivPiSOBuXQ7-Mediano,,,,-,Consome de Pollo Mediano,PtxDlyC77M9zbHO7pdwy,MENU ,-,-,5, $700.00 ,,,Completada,Cuenta de Mesa,551," $47,746.00 "," $52,939.00 "," $25,445.00 "," $26,899.00 "," $5,193.00 "," $2,796.90 ","5:14 PM, domingo 12 de julio de 2026",,,,, $31.00 
2026-07-12_cuentaCliente,1619020699140-DIVORCIADOS,,,,-,Huevos DIVORCIADOS,PtxDlyC77M9zbHO7pdwy,MENU ,-,-,5, $575.00 ,,,Completada,Cuenta de Mesa,551," $47,746.00 "," $52,939.00 "," $25,445.00 "," $26,899.00 "," $5,193.00 "," $2,796.90 ","5:14 PM, domingo 12 de julio de 2026",,,,, $31.00 
2026-07-12_cuentaCliente,1619020699146-SUIZAS DE POLLO,,,,-,Enchiladas SUIZAS DE POLLO,PtxDlyC77M9zbHO7pdwy,MENU ,-,-,6," $1,200.00 ",,,Completada,Cuenta de Mesa,551," $47,746.00 "," $52,939.00 "," $25,445.00 "," $26,899.00 "," $5,193.00 "," $2,796.90 ","5:14 PM, domingo 12 de julio de 2026",,,,, $31.00 
2026-07-12_cuentaCliente,1619020699151-CON 1 GUISO,,,,-,Gorditas CON 1 GUISO,YQIH7dRsprDKo7czQeKH,COMAL,-,-,12, $680.00 ,,,Completada,Cuenta de Mesa,551," $47,746.00 "," $52,939.00 "," $25,445.00 "," $26,899.00 "," $5,193.00 "," $2,796.90 ","5:14 PM, domingo 12 de julio de 2026",,,,, $31.00 
2026-07-12_cuentaCliente,1619020699142-LOS SENCILLOS,,,,-,Molletes LOS SENCILLOS,PtxDlyC77M9zbHO7pdwy,MENU ,-,-,2, $240.00 ,,,Completada,Cuenta de Mesa,551," $47,746.00 "," $52,939.00 "," $25,445.00 "," $26,899.00 "," $5,193.00 "," $2,796.90 ","5:14 PM, domingo 12 de julio de 2026",,,,, $31.00 
2026-07-12_cuentaCliente,1619020699151-SENCILLA,,,,-,Gorditas SENCILLA,YQIH7dRsprDKo7czQeKH,COMAL,-,-,2, $90.00 ,,,Completada,Cuenta de Mesa,551," $47,746.00 "," $52,939.00 "," $25,445.00 "," $26,899.00 "," $5,193.00 "," $2,796.90 ","5:14 PM, domingo 12 de julio de 2026",,,,, $31.00 
2026-07-12_cuentaCliente,1619020699161,,,,-,Botella de Agua,p2BB5iBeK3h0r5Ka8bzm,Bebidas ,-,-,13, $390.00 ,,,Completada,Cuenta de Mesa,551," $47,746.00 "," $52,939.00 "," $25,445.00 "," $26,899.00 "," $5,193.00 "," $2,796.90 ","5:14 PM, domingo 12 de julio de 2026",,,,, $31.00 
2026-07-12_cuentaCliente,1619020699140-CON TOCINO,,,,-,Huevos CON TOCINO,PtxDlyC77M9zbHO7pdwy,MENU ,-,-,2, $260.00 ,,,Completada,Cuenta de Mesa,551," $47,746.00 "," $52,939.00 "," $25,445.00 "," $26,899.00 "," $5,193.00 "," $2,796.90 ","5:14 PM, domingo 12 de julio de 2026",,,,, $31.00 
2026-07-12_cuentaCliente,1619020699153-CON 1 GUISO,,,,-,Tacos CON 1 GUISO,YQIH7dRsprDKo7czQeKH,COMAL,-,-,9, $315.00 ,,,Completada,Cuenta de Mesa,551," $47,746.00 "," $52,939.00 "," $25,445.00 "," $26,899.00 "," $5,193.00 "," $2,796.90 ","5:14 PM, domingo 12 de julio de 2026",,,,, $31.00 
2026-07-12_cuentaCliente,MYmdEhlDyhsVwU7cdpHW,,,,-,Queso Fresco,yqKUFZNrxtzpzD0ej8pF,EXTRAS,-,-,1, $15.00 ,,,Completada,Cuenta de Mesa,551," $47,746.00 "," $52,939.00 "," $25,445.00 "," $26,899.00 "," $5,193.00 "," $2,796.90 ","5:14 PM, domingo 12 de julio de 2026",,,,, $31.00 
2026-07-12_cuentaCliente,1619020699158,,,,-,Agua Del Dia,p2BB5iBeK3h0r5Ka8bzm,Bebidas ,-,-,30," $1,200.00 ",,,Completada,Cuenta de Mesa,551," $47,746.00 "," $52,939.00 "," $25,445.00 "," $26,899.00 "," $5,193.00 "," $2,796.90 ","5:14 PM, domingo 12 de julio de 2026",,,,, $31.00 
2026-07-12_cuentaCliente,1619020699155-CON BISTEC O POLLO O CHORIZO,,,,-,Quesadillas CON BISTEC O POLLO O CHORIZO,YQIH7dRsprDKo7czQeKH,COMAL,-,-,5, $350.00 ,,,Completada,Cuenta de Mesa,551," $47,746.00 "," $52,939.00 "," $25,445.00 "," $26,899.00 "," $5,193.00 "," $2,796.90 ","5:14 PM, domingo 12 de julio de 2026",,,,, $31.00 
2026-07-12_cuentaCliente,SwP7Q2haoxpylRPzmSJ1-CON 2 HUEVOS,,,,-,Enfrijoladas CON 2 HUEVOS,PtxDlyC77M9zbHO7pdwy,MENU ,-,-,2, $280.00 ,,,Completada,Cuenta de Mesa,551," $47,746.00 "," $52,939.00 "," $25,445.00 "," $26,899.00 "," $5,193.00 "," $2,796.90 ","5:14 PM, domingo 12 de julio de 2026",,,,, $31.00 
2026-07-12_cuentaCliente,ArAyOsyDLUeA6bPPxcck,,,,-,Pastel de Queso con Higo,X4EmpDs4npVyo5WSh0io,POSTRES,-,-,2, $140.00 ,,,Completada,Cuenta de Mesa,551," $47,746.00 "," $52,939.00 "," $25,445.00 "," $26,899.00 "," $5,193.00 "," $2,796.90 ","5:14 PM, domingo 12 de julio de 2026",,,,, $31.00 
2026-07-12_cuentaCliente,1619020699146-DOBLADITAS VERDES CON ARRACHERA,,,,-,Enchiladas DOBLADITAS VERDES CON ARRACHERA,PtxDlyC77M9zbHO7pdwy,MENU ,-,-,1, $210.00 ,,,Completada,Cuenta de Mesa,551," $47,746.00 "," $52,939.00 "," $25,445.00 "," $26,899.00 "," $5,193.00 "," $2,796.90 ","5:14 PM, domingo 12 de julio de 2026",,,,, $31.00 
2026-07-12_cuentaCliente,Hm67fLGGG2ofTFNgzG1M,,,,-,GUISO CON DOS GUARNICONES,PtxDlyC77M9zbHO7pdwy,MENU ,-,-,2, $240.00 ,,,Completada,Cuenta de Mesa,551," $47,746.00 "," $52,939.00 "," $25,445.00 "," $26,899.00 "," $5,193.00 "," $2,796.90 ","5:14 PM, domingo 12 de julio de 2026",,,,, $31.00 
2026-07-12_cuentaCliente,1619020699142-TECOLOTAS CON HUEVO,,,,-,Molletes TECOLOTAS CON HUEVO,PtxDlyC77M9zbHO7pdwy,MENU ,-,-,2, $340.00 ,,,Completada,Cuenta de Mesa,551," $47,746.00 "," $52,939.00 "," $25,445.00 "," $26,899.00 "," $5,193.00 "," $2,796.90 ","5:14 PM, domingo 12 de julio de 2026",,,,, $31.00 
2026-07-12_cuentaCliente,1619020699148-CON BISTEC,,,,-,Chilaquiles CON BISTEC,PtxDlyC77M9zbHO7pdwy,MENU ,-,-,2, $340.00 ,,,Completada,Cuenta de Mesa,551," $47,746.00 "," $52,939.00 "," $25,445.00 "," $26,899.00 "," $5,193.00 "," $2,796.90 ","5:14 PM, domingo 12 de julio de 2026",,,,, $31.00 
2026-07-12_cuentaCliente,1619020699140-ESTRELLADOS,,,,-,Huevos ESTRELLADOS,PtxDlyC77M9zbHO7pdwy,MENU ,-,-,2, $200.00 ,,,Completada,Cuenta de Mesa,551," $47,746.00 "," $52,939.00 "," $25,445.00 "," $26,899.00 "," $5,193.00 "," $2,796.90 ","5:14 PM, domingo 12 de julio de 2026",,,,, $31.00 
2026-07-12_cuentaCliente,yqK9edAwyROCvyTdk2ZJ-QUESO,,,,-,Enmoladas QUESO,PtxDlyC77M9zbHO7pdwy,MENU ,-,-,1, $150.00 ,,,Completada,Cuenta de Mesa,551," $47,746.00 "," $52,939.00 "," $25,445.00 "," $26,899.00 "," $5,193.00 "," $2,796.90 ","5:14 PM, domingo 12 de julio de 2026",,,,, $31.00 
2026-07-12_cuentaCliente,qsBr39LxFbNkid7B3EC0-DE PAPA,,,,-,Flautas DE PAPA,PtxDlyC77M9zbHO7pdwy,MENU ,-,-,1, $120.00 ,,,Completada,Cuenta de Mesa,551," $47,746.00 "," $52,939.00 "," $25,445.00 "," $26,899.00 "," $5,193.00 "," $2,796.90 ","5:14 PM, domingo 12 de julio de 2026",,,,, $31.00 
2026-07-12_cuentaCliente,1619020699148-ARRIEROS,,,,-,Chilaquiles ARRIEROS,PtxDlyC77M9zbHO7pdwy,MENU ,-,-,2, $360.00 ,,,Completada,Cuenta de Mesa,551," $47,746.00 "," $52,939.00 "," $25,445.00 "," $26,899.00 "," $5,193.00 "," $2,796.90 ","5:14 PM, domingo 12 de julio de 2026",,,,, $31.00 
2026-07-12_cuentaCliente,"1619020699152-CON BISTEC, POLLO O CHORIZO",,,,-,"Sopes CON BISTEC, POLLO O CHORIZO",YQIH7dRsprDKo7czQeKH,COMAL,-,-,2, $160.00 ,,,Completada,Cuenta de Mesa,551," $47,746.00 "," $52,939.00 "," $25,445.00 "," $26,899.00 "," $5,193.00 "," $2,796.90 ","5:14 PM, domingo 12 de julio de 2026",,,,, $31.00 
2026-07-12_cuentaCliente,1619020699151-MIXTA SENCILLA,,,,-,Gorditas MIXTA SENCILLA,YQIH7dRsprDKo7czQeKH,COMAL,-,-,2, $110.00 ,,,Completada,Cuenta de Mesa,551," $47,746.00 "," $52,939.00 "," $25,445.00 "," $26,899.00 "," $5,193.00 "," $2,796.90 ","5:14 PM, domingo 12 de julio de 2026",,,,, $31.00 
2026-07-12_cuentaCliente,1619020699151-MIXTA CON 1 GUISO,,,,-,Gorditas MIXTA CON 1 GUISO,YQIH7dRsprDKo7czQeKH,COMAL,-,-,1, $65.00 ,,,Completada,Cuenta de Mesa,551," $47,746.00 "," $52,939.00 "," $25,445.00 "," $26,899.00 "," $5,193.00 "," $2,796.90 ","5:14 PM, domingo 12 de julio de 2026",,,,, $31.00 
2026-07-12_cuentaCliente,qsBr39LxFbNkid7B3EC0-DE PAPA CON CHORIZO,,,,-,Flautas DE PAPA CON CHORIZO,PtxDlyC77M9zbHO7pdwy,MENU ,-,-,1, $140.00 ,,,Completada,Cuenta de Mesa,551," $47,746.00 "," $52,939.00 "," $25,445.00 "," $26,899.00 "," $5,193.00 "," $2,796.90 ","5:14 PM, domingo 12 de julio de 2026",,,,, $31.00 
2026-07-12_cuentaCliente,c1qAnoYpyV3DX20hkTyM-BOING LATA 355 ML,,,,-,Refrescos BOING LATA 355 ML,p2BB5iBeK3h0r5Ka8bzm,Bebidas ,-,-,11, $495.00 ,,,Completada,Cuenta de Mesa,551," $47,746.00 "," $52,939.00 "," $25,445.00 "," $26,899.00 "," $5,193.00 "," $2,796.90 ","5:14 PM, domingo 12 de julio de 2026",,,,, $31.00 
2026-07-12_cuentaCliente,2ef00uWVVhDNIW1lsSH3,,,,-,Combo Gorditas,YQIH7dRsprDKo7czQeKH,COMAL,-,-,5, $750.00 ,,,Completada,Cuenta de Mesa,551," $47,746.00 "," $52,939.00 "," $25,445.00 "," $26,899.00 "," $5,193.00 "," $2,796.90 ","5:14 PM, domingo 12 de julio de 2026",,,,, $31.00 
2026-07-12_cuentaCliente,1619020699148-CON ARRACHERA,,,,-,Chilaquiles CON ARRACHERA,PtxDlyC77M9zbHO7pdwy,MENU ,-,-,4, $840.00 ,,,Completada,Cuenta de Mesa,551," $47,746.00 "," $52,939.00 "," $25,445.00 "," $26,899.00 "," $5,193.00 "," $2,796.90 ","5:14 PM, domingo 12 de julio de 2026",,,,, $31.00 
2026-07-12_cuentaCliente,qsBr39LxFbNkid7B3EC0-MIXTAS,,,,-,Flautas MIXTAS,PtxDlyC77M9zbHO7pdwy,MENU ,-,-,1, $180.00 ,,,Completada,Cuenta de Mesa,551," $47,746.00 "," $52,939.00 "," $25,445.00 "," $26,899.00 "," $5,193.00 "," $2,796.90 ","5:14 PM, domingo 12 de julio de 2026",,,,, $31.00 
2026-07-12_cuentaCliente,ejMp5xJxx3HozuEdSHC6,,,,-,Crema,yqKUFZNrxtzpzD0ej8pF,EXTRAS,-,-,3, $45.00 ,,,Completada,Cuenta de Mesa,551," $47,746.00 "," $52,939.00 "," $25,445.00 "," $26,899.00 "," $5,193.00 "," $2,796.90 ","5:14 PM, domingo 12 de julio de 2026",,,,, $31.00 
2026-07-12_cuentaCliente,1619020699154-1 PIEZA CARNITAS,,,,-,Tacos 1 PIEZA CARNITAS,PtxDlyC77M9zbHO7pdwy,MENU ,-,-,2, $120.00 ,,,Completada,Cuenta de Mesa,551," $47,746.00 "," $52,939.00 "," $25,445.00 "," $26,899.00 "," $5,193.00 "," $2,796.90 ","5:14 PM, domingo 12 de julio de 2026",,,,, $31.00 
2026-07-12_cuentaCliente,1619020699152-CON 1 GUISO,,,,-,Sopes CON 1 GUISO,YQIH7dRsprDKo7czQeKH,COMAL,-,-,3, $180.00 ,,,Completada,Cuenta de Mesa,551," $47,746.00 "," $52,939.00 "," $25,445.00 "," $26,899.00 "," $5,193.00 "," $2,796.90 ","5:14 PM, domingo 12 de julio de 2026",,,,, $31.00 
2026-07-12_cuentaCliente,1619020699156-CON 2 GUISOS,,,,-,Huaraches CON 2 GUISOS,YQIH7dRsprDKo7czQeKH,COMAL,-,-,1, $125.00 ,,,Completada,Cuenta de Mesa,551," $47,746.00 "," $52,939.00 "," $25,445.00 "," $26,899.00 "," $5,193.00 "," $2,796.90 ","5:14 PM, domingo 12 de julio de 2026",,,,, $31.00 
2026-07-12_cuentaCliente,1619020699151-ESPECIAL CON CECINA O ARRACHERA O CARNITAS,,,,-,Gorditas ESPECIAL CON CECINA O ARRACHERA O CARNITAS,YQIH7dRsprDKo7czQeKH,COMAL,-,-,1, $80.00 ,,,Completada,Cuenta de Mesa,551," $47,746.00 "," $52,939.00 "," $25,445.00 "," $26,899.00 "," $5,193.00 "," $2,796.90 ","5:14 PM, domingo 12 de julio de 2026",,,,, $31.00 
2026-07-12_cuentaCliente,1619020699154-ORDEN CECINA,,,,-,Tacos ORDEN CECINA,PtxDlyC77M9zbHO7pdwy,MENU ,-,-,2, $360.00 ,,,Completada,Cuenta de Mesa,551," $47,746.00 "," $52,939.00 "," $25,445.00 "," $26,899.00 "," $5,193.00 "," $2,796.90 ","5:14 PM, domingo 12 de julio de 2026",,,,, $31.00 
2026-07-12_cuentaCliente,9pkEXghxcivPiSOBuXQ7-Grande,,,,-,Consome de Pollo Grande,PtxDlyC77M9zbHO7pdwy,MENU ,-,-,4, $700.00 ,,,Completada,Cuenta de Mesa,551," $47,746.00 "," $52,939.00 "," $25,445.00 "," $26,899.00 "," $5,193.00 "," $2,796.90 ","5:14 PM, domingo 12 de julio de 2026",,,,, $31.00 
2026-07-12_cuentaCliente,c1qAnoYpyV3DX20hkTyM-CHAPARRITA,,,,-,Refrescos CHAPARRITA,p2BB5iBeK3h0r5Ka8bzm,Bebidas ,-,-,1, $30.00 ,,,Completada,Cuenta de Mesa,551," $47,746.00 "," $52,939.00 "," $25,445.00 "," $26,899.00 "," $5,193.00 "," $2,796.90 ","5:14 PM, domingo 12 de julio de 2026",,,,, $31.00 
2026-07-12_cuentaCliente,D7bubpe0c7QDUnBKdU9x,,,,-,Proteina 100 Gr (para Platillo),yqKUFZNrxtzpzD0ej8pF,EXTRAS,-,-,1, $95.00 ,,,Completada,Cuenta de Mesa,551," $47,746.00 "," $52,939.00 "," $25,445.00 "," $26,899.00 "," $5,193.00 "," $2,796.90 ","5:14 PM, domingo 12 de julio de 2026",,,,, $31.00 
2026-07-12_cuentaCliente,gbOah8De7GNBMzoTw88H-GRANDE DE POLLO,,,,-,Pozole GRANDE DE POLLO,PtxDlyC77M9zbHO7pdwy,MENU ,-,-,2, $380.00 ,,,Completada,Cuenta de Mesa,551," $47,746.00 "," $52,939.00 "," $25,445.00 "," $26,899.00 "," $5,193.00 "," $2,796.90 ","5:14 PM, domingo 12 de julio de 2026",,,,, $31.00 
2026-07-12_cuentaCliente,1619020699146-DE GUISO DE COMAL,,,,-,Enchiladas DE GUISO DE COMAL,PtxDlyC77M9zbHO7pdwy,MENU ,-,-,1, $150.00 ,,,Completada,Cuenta de Mesa,551," $47,746.00 "," $52,939.00 "," $25,445.00 "," $26,899.00 "," $5,193.00 "," $2,796.90 ","5:14 PM, domingo 12 de julio de 2026",,,,, $31.00 
2026-07-12_cuentaCliente,SwP7Q2haoxpylRPzmSJ1-SENCILLAS,,,,-,Enfrijoladas SENCILLAS,PtxDlyC77M9zbHO7pdwy,MENU ,-,-,2, $240.00 ,,,Completada,Cuenta de Mesa,551," $47,746.00 "," $52,939.00 "," $25,445.00 "," $26,899.00 "," $5,193.00 "," $2,796.90 ","5:14 PM, domingo 12 de julio de 2026",,,,, $31.00 
2026-07-12_cuentaCliente,1619020699154-ORDEN MILANESA DE RES O POLLO,,,,-,Tacos ORDEN MILANESA DE RES O POLLO,PtxDlyC77M9zbHO7pdwy,MENU ,-,-,3, $450.00 ,,,Completada,Cuenta de Mesa,551," $47,746.00 "," $52,939.00 "," $25,445.00 "," $26,899.00 "," $5,193.00 "," $2,796.90 ","5:14 PM, domingo 12 de julio de 2026",,,,, $31.00 
2026-07-12_cuentaCliente,iIpIVsvZ0QdbP94po1H7,,,,-,TOSTADAS CON GUISO,YQIH7dRsprDKo7czQeKH,COMAL,-,-,2, $180.00 ,,,Completada,Cuenta de Mesa,551," $47,746.00 "," $52,939.00 "," $25,445.00 "," $26,899.00 "," $5,193.00 "," $2,796.90 ","5:14 PM, domingo 12 de julio de 2026",,,,, $31.00 
2026-07-12_cuentaCliente,1619020699145-DE CHORIZO,,,,-,Tortas DE CHORIZO,PtxDlyC77M9zbHO7pdwy,MENU ,-,-,1, $150.00 ,,,Completada,Cuenta de Mesa,551," $47,746.00 "," $52,939.00 "," $25,445.00 "," $26,899.00 "," $5,193.00 "," $2,796.90 ","5:14 PM, domingo 12 de julio de 2026",,,,, $31.00 
2026-07-12_cuentaCliente,cDPljD1d2jGHxkaRqJKV,,,,-,Aguacate,yqKUFZNrxtzpzD0ej8pF,EXTRAS,-,-,2, $60.00 ,,,Completada,Cuenta de Mesa,551," $47,746.00 "," $52,939.00 "," $25,445.00 "," $26,899.00 "," $5,193.00 "," $2,796.90 ","5:14 PM, domingo 12 de julio de 2026",,,,, $31.00 
2026-07-12_cuentaCliente,1619020699149-CON MILANESA DE RES,,,,-,Tecolota CON MILANESA DE RES,PtxDlyC77M9zbHO7pdwy,MENU ,-,-,1, $185.00 ,,,Completada,Cuenta de Mesa,551," $47,746.00 "," $52,939.00 "," $25,445.00 "," $26,899.00 "," $5,193.00 "," $2,796.90 ","5:14 PM, domingo 12 de julio de 2026",,,,, $31.00 
2026-07-12_cuentaCliente,AD0n4Jee03RmYfO13wUe,,,,-,Orden de Frijoles,yqKUFZNrxtzpzD0ej8pF,EXTRAS,-,-,1, $50.00 ,,,Completada,Cuenta de Mesa,551," $47,746.00 "," $52,939.00 "," $25,445.00 "," $26,899.00 "," $5,193.00 "," $2,796.90 ","5:14 PM, domingo 12 de julio de 2026",,,,, $31.00 
2026-07-12_cuentaCliente,c1qAnoYpyV3DX20hkTyM-COCA COLA REGULAR,,,,-,Refrescos COCA COLA REGULAR,p2BB5iBeK3h0r5Ka8bzm,Bebidas ,-,-,9, $405.00 ,,,Completada,Cuenta de Mesa,551," $47,746.00 "," $52,939.00 "," $25,445.00 "," $26,899.00 "," $5,193.00 "," $2,796.90 ","5:14 PM, domingo 12 de julio de 2026",,,,, $31.00 
2026-07-12_cuentaCliente,1619020699156-ESPECIAL CON CECINA O ARRACHERA O CARNITAS,,,,-,Huaraches ESPECIAL CON CECINA O ARRACHERA O CARNITAS,YQIH7dRsprDKo7czQeKH,COMAL,-,-,1, $175.00 ,,,Completada,Cuenta de Mesa,551," $47,746.00 "," $52,939.00 "," $25,445.00 "," $26,899.00 "," $5,193.00 "," $2,796.90 ","5:14 PM, domingo 12 de julio de 2026",,,,, $31.00 
2026-07-12_cuentaCliente,1619020699146-SUIZAS DE QUESO,,,,-,Enchiladas SUIZAS DE QUESO,PtxDlyC77M9zbHO7pdwy,MENU ,-,-,2, $360.00 ,,,Completada,Cuenta de Mesa,551," $47,746.00 "," $52,939.00 "," $25,445.00 "," $26,899.00 "," $5,193.00 "," $2,796.90 ","5:14 PM, domingo 12 de julio de 2026",,,,, $31.00 
2026-07-12_cuentaCliente,cDOu9zXVilEPeqZqBpPe-TE,,,,-,Cafe TE,p2BB5iBeK3h0r5Ka8bzm,Bebidas ,-,-,1, $40.00 ,,,Completada,Cuenta de Mesa,551," $47,746.00 "," $52,939.00 "," $25,445.00 "," $26,899.00 "," $5,193.00 "," $2,796.90 ","5:14 PM, domingo 12 de julio de 2026",,,,, $31.00 
2026-07-12_cuentaCliente,1619020699156-ESPECIAL CON COSTILLA,,,,-,Huaraches ESPECIAL CON COSTILLA,YQIH7dRsprDKo7czQeKH,COMAL,-,-,1, $185.00 ,,,Completada,Cuenta de Mesa,551," $47,746.00 "," $52,939.00 "," $25,445.00 "," $26,899.00 "," $5,193.00 "," $2,796.90 ","5:14 PM, domingo 12 de julio de 2026",,,,, $31.00 
2026-07-12_cuentaCliente,1619020699150-MILANESA DE RES,,,,-,Milanesas Y Pechugas MILANESA DE RES,PtxDlyC77M9zbHO7pdwy,MENU ,-,-,2, $320.00 ,,,Completada,Cuenta de Mesa,551," $47,746.00 "," $52,939.00 "," $25,445.00 "," $26,899.00 "," $5,193.00 "," $2,796.90 ","5:14 PM, domingo 12 de julio de 2026",,,,, $31.00 
2026-07-12_cuentaCliente,1619020699156-HUARACHE DE NOPAL CON POLLO,,,,-,Huaraches HUARACHE DE NOPAL CON POLLO,YQIH7dRsprDKo7czQeKH,COMAL,-,-,2, $350.00 ,,,Completada,Cuenta de Mesa,551," $47,746.00 "," $52,939.00 "," $25,445.00 "," $26,899.00 "," $5,193.00 "," $2,796.90 ","5:14 PM, domingo 12 de julio de 2026",,,,, $31.00 
2026-07-12_cuentaCliente,gbOah8De7GNBMzoTw88H-MEDIANO DE CERDO,,,,-,Pozole MEDIANO DE CERDO,PtxDlyC77M9zbHO7pdwy,MENU ,-,-,5, $800.00 ,,,Completada,Cuenta de Mesa,551," $47,746.00 "," $52,939.00 "," $25,445.00 "," $26,899.00 "," $5,193.00 "," $2,796.90 ","5:14 PM, domingo 12 de julio de 2026",,,,, $31.00 
2026-07-12_cuentaCliente,qsBr39LxFbNkid7B3EC0-INFANTILES DE PAPA,,,,-,Flautas INFANTILES DE PAPA,PtxDlyC77M9zbHO7pdwy,MENU ,-,-,1, $90.00 ,,,Completada,Cuenta de Mesa,551," $47,746.00 "," $52,939.00 "," $25,445.00 "," $26,899.00 "," $5,193.00 "," $2,796.90 ","5:14 PM, domingo 12 de julio de 2026",,,,, $31.00 
2026-07-12_cuentaCliente,ZHDqIwsAO7P1ni9yKPlj,,,,-,Pastel de Elote,X4EmpDs4npVyo5WSh0io,POSTRES,-,-,7, $490.00 ,,,Completada,Cuenta de Mesa,551," $47,746.00 "," $52,939.00 "," $25,445.00 "," $26,899.00 "," $5,193.00 "," $2,796.90 ","5:14 PM, domingo 12 de julio de 2026",,,,, $31.00 
2026-07-12_cuentaCliente,1619020699149-CON ARRACHERA,,,,-,Tecolota CON ARRACHERA,PtxDlyC77M9zbHO7pdwy,MENU ,-,-,1, $220.00 ,,,Completada,Cuenta de Mesa,551," $47,746.00 "," $52,939.00 "," $25,445.00 "," $26,899.00 "," $5,193.00 "," $2,796.90 ","5:14 PM, domingo 12 de julio de 2026",,,,, $31.00 
2026-07-12_cuentaCliente,1619020699148-CON CECINA,,,,-,Chilaquiles CON CECINA,PtxDlyC77M9zbHO7pdwy,MENU ,-,-,1, $210.00 ,,,Completada,Cuenta de Mesa,551," $47,746.00 "," $52,939.00 "," $25,445.00 "," $26,899.00 "," $5,193.00 "," $2,796.90 ","5:14 PM, domingo 12 de julio de 2026",,,,, $31.00 
2026-07-12_cuentaCliente,qsBr39LxFbNkid7B3EC0-DE RES,,,,-,Flautas DE RES,PtxDlyC77M9zbHO7pdwy,MENU ,-,-,1, $180.00 ,,,Completada,Cuenta de Mesa,551," $47,746.00 "," $52,939.00 "," $25,445.00 "," $26,899.00 "," $5,193.00 "," $2,796.90 ","5:14 PM, domingo 12 de julio de 2026",,,,, $31.00 
2026-07-12_cuentaCliente,i9ysl385qiXsKeFdkd7O,,,,-,CHAMORRO AL PIBIL,ibsWBsPHYRGOb0RmTj1e,ESPECIALES FIN,-,-,3, $660.00 ,,,Completada,Cuenta de Mesa,551," $47,746.00 "," $52,939.00 "," $25,445.00 "," $26,899.00 "," $5,193.00 "," $2,796.90 ","5:14 PM, domingo 12 de julio de 2026",,,,, $31.00 
2026-07-12_cuentaCliente,1619020699140-OMELETTE RELLENO DE CHILAQUILES,,,,-,Huevos OMELETTE RELLENO DE CHILAQUILES,PtxDlyC77M9zbHO7pdwy,MENU ,-,-,1, $225.00 ,,,Completada,Cuenta de Mesa,551," $47,746.00 "," $52,939.00 "," $25,445.00 "," $26,899.00 "," $5,193.00 "," $2,796.90 ","5:14 PM, domingo 12 de julio de 2026",,,,, $31.00 
2026-07-12_cuentaCliente,1619020699148-RELLENOS,,,,-,Chilaquiles RELLENOS,PtxDlyC77M9zbHO7pdwy,MENU ,-,-,1, $185.00 ,,,Completada,Cuenta de Mesa,551," $47,746.00 "," $52,939.00 "," $25,445.00 "," $26,899.00 "," $5,193.00 "," $2,796.90 ","5:14 PM, domingo 12 de julio de 2026",,,,, $31.00 
2026-07-12_cuentaCliente,1619020699156-CON 1 GUISO,,,,-,Huaraches CON 1 GUISO,YQIH7dRsprDKo7czQeKH,COMAL,-,-,2, $190.00 ,,,Completada,Cuenta de Mesa,551," $47,746.00 "," $52,939.00 "," $25,445.00 "," $26,899.00 "," $5,193.00 "," $2,796.90 ","5:14 PM, domingo 12 de julio de 2026",,,,, $31.00 
2026-07-12_cuentaCliente,gbOah8De7GNBMzoTw88H-GRANDE DE CERDO,,,,-,Pozole GRANDE DE CERDO,PtxDlyC77M9zbHO7pdwy,MENU ,-,-,4, $760.00 ,,,Completada,Cuenta de Mesa,551," $47,746.00 "," $52,939.00 "," $25,445.00 "," $26,899.00 "," $5,193.00 "," $2,796.90 ","5:14 PM, domingo 12 de julio de 2026",,,,, $31.00 
2026-07-12_cuentaCliente,7qlNq25XAOiDeg6TwR48,,,,-,Arrachera a la plancha,PtxDlyC77M9zbHO7pdwy,MENU ,-,-,1, $265.00 ,,,Completada,Cuenta de Mesa,551," $47,746.00 "," $52,939.00 "," $25,445.00 "," $26,899.00 "," $5,193.00 "," $2,796.90 ","5:14 PM, domingo 12 de julio de 2026",,,,, $31.00 
2026-07-12_cuentaCliente,jGey4nS29SbF2YLZMUXl,,,,-,Extra de Guiso de Comal,yqKUFZNrxtzpzD0ej8pF,EXTRAS,-,-,1, $25.00 ,,,Completada,Cuenta de Mesa,551," $47,746.00 "," $52,939.00 "," $25,445.00 "," $26,899.00 "," $5,193.00 "," $2,796.90 ","5:14 PM, domingo 12 de julio de 2026",,,,, $31.00 
2026-07-12_cuentaCliente,1619020699148-CON POLLO,,,,-,Chilaquiles CON POLLO,PtxDlyC77M9zbHO7pdwy,MENU ,-,-,1, $170.00 ,,,Completada,Cuenta de Mesa,551," $47,746.00 "," $52,939.00 "," $25,445.00 "," $26,899.00 "," $5,193.00 "," $2,796.90 ","5:14 PM, domingo 12 de julio de 2026",,,,, $31.00 
2026-07-12_cuentaCliente,qsBr39LxFbNkid7B3EC0-INFANTILES DE RES,,,,-,Flautas INFANTILES DE RES,PtxDlyC77M9zbHO7pdwy,MENU ,-,-,1, $120.00 ,,,Completada,Cuenta de Mesa,551," $47,746.00 "," $52,939.00 "," $25,445.00 "," $26,899.00 "," $5,193.00 "," $2,796.90 ","5:14 PM, domingo 12 de julio de 2026",,,,, $31.00 
2026-07-12_cuentaCliente,1619020699146-DE QUESO,,,,-,Enchiladas DE QUESO,PtxDlyC77M9zbHO7pdwy,MENU ,-,-,1, $140.00 ,,,Completada,Cuenta de Mesa,551," $47,746.00 "," $52,939.00 "," $25,445.00 "," $26,899.00 "," $5,193.00 "," $2,796.90 ","5:14 PM, domingo 12 de julio de 2026",,,,, $31.00 
2026-07-12_cuentaCliente,SwP7Q2haoxpylRPzmSJ1-CON POLLO,,,,-,Enfrijoladas CON POLLO,PtxDlyC77M9zbHO7pdwy,MENU ,-,-,2, $340.00 ,,,Completada,Cuenta de Mesa,551," $47,746.00 "," $52,939.00 "," $25,445.00 "," $26,899.00 "," $5,193.00 "," $2,796.90 ","5:14 PM, domingo 12 de julio de 2026",,,,, $31.00 
2026-07-12_cuentaCliente,O8qnaxOzyQfMBNw3PBvh,,,,-,Pollo,yqKUFZNrxtzpzD0ej8pF,EXTRAS,-,-,1, $55.00 ,,,Completada,Cuenta de Mesa,551," $47,746.00 "," $52,939.00 "," $25,445.00 "," $26,899.00 "," $5,193.00 "," $2,796.90 ","5:14 PM, domingo 12 de julio de 2026",,,,, $31.00 
2026-07-12_cuentaCliente,1619020699156-HUARACHE DE NOPAL CON BISTEC,,,,-,Huaraches HUARACHE DE NOPAL CON BISTEC,YQIH7dRsprDKo7czQeKH,COMAL,-,-,1, $175.00 ,,,Completada,Cuenta de Mesa,551," $47,746.00 "," $52,939.00 "," $25,445.00 "," $26,899.00 "," $5,193.00 "," $2,796.90 ","5:14 PM, domingo 12 de julio de 2026",,,,, $31.00 
2026-07-12_cuentaCliente,DOWidKJ0jBU1ZF0gfGil,,,,-,FRIJOLES CHARROS ORDEN,PtxDlyC77M9zbHO7pdwy,MENU ,-,-,1, $140.00 ,,,Completada,Cuenta de Mesa,551," $47,746.00 "," $52,939.00 "," $25,445.00 "," $26,899.00 "," $5,193.00 "," $2,796.90 ","5:14 PM, domingo 12 de julio de 2026",,,,, $31.00 
2026-07-12_cuentaCliente,1619020699145-MILANESA DE RES,,,,-,Tortas MILANESA DE RES,PtxDlyC77M9zbHO7pdwy,MENU ,-,-,1, $160.00 ,,,Completada,Cuenta de Mesa,551," $47,746.00 "," $52,939.00 "," $25,445.00 "," $26,899.00 "," $5,193.00 "," $2,796.90 ","5:14 PM, domingo 12 de julio de 2026",,,,, $31.00 
2026-07-12_cuentaCliente,1619020699155-ESPECIAL( CON CECINA O ARRACHERA O CARNITAS),,,,-,Quesadillas ESPECIAL( CON CECINA O ARRACHERA O CARNITAS),YQIH7dRsprDKo7czQeKH,COMAL,-,-,4, $320.00 ,,,Completada,Cuenta de Mesa,551," $47,746.00 "," $52,939.00 "," $25,445.00 "," $26,899.00 "," $5,193.00 "," $2,796.90 ","5:14 PM, domingo 12 de julio de 2026",,,,, $31.00 
2026-07-12_cuentaCliente,AJfcjuQDF8fvklTYafWt,,,,-,Costilla CON Guarniciones,PtxDlyC77M9zbHO7pdwy,MENU ,-,-,1, $225.00 ,,,Completada,Cuenta de Mesa,551," $47,746.00 "," $52,939.00 "," $25,445.00 "," $26,899.00 "," $5,193.00 "," $2,796.90 ","5:14 PM, domingo 12 de julio de 2026",,,,, $31.00 
2026-07-12_cuentaCliente,4jF4NOVL8SIQNj79yi7P,,,,-,Papas a La Francesa,yqKUFZNrxtzpzD0ej8pF,EXTRAS,-,-,1, $60.00 ,,,Completada,Cuenta de Mesa,551," $47,746.00 "," $52,939.00 "," $25,445.00 "," $26,899.00 "," $5,193.00 "," $2,796.90 ","5:14 PM, domingo 12 de julio de 2026",,,,, $31.00 
2026-07-12_cuentaCliente,1619020699146-ENCHILADAS SENCILLAS,,,,-,Enchiladas ENCHILADAS SENCILLAS,PtxDlyC77M9zbHO7pdwy,MENU ,-,-,1, $120.00 ,,,Completada,Cuenta de Mesa,551," $47,746.00 "," $52,939.00 "," $25,445.00 "," $26,899.00 "," $5,193.00 "," $2,796.90 ","5:14 PM, domingo 12 de julio de 2026",,,,, $31.00 
2026-07-12_cuentaCliente,FdWZfoQwGLK1CtF11FrQ,,,,-,FAJITAS DE ARRACHERA,PtxDlyC77M9zbHO7pdwy,MENU ,-,-,1, $265.00 ,,,Completada,Cuenta de Mesa,551," $47,746.00 "," $52,939.00 "," $25,445.00 "," $26,899.00 "," $5,193.00 "," $2,796.90 ","5:14 PM, domingo 12 de julio de 2026",,,,, $31.00 
2026-07-12_cuentaCliente,1619020699142-CON CHORIZO,,,,-,Molletes CON CHORIZO,PtxDlyC77M9zbHO7pdwy,MENU ,-,-,1, $180.00 ,,,Completada,Cuenta de Mesa,551," $47,746.00 "," $52,939.00 "," $25,445.00 "," $26,899.00 "," $5,193.00 "," $2,796.90 ","5:14 PM, domingo 12 de julio de 2026",,,,, $31.00 
2026-07-12_cuentaCliente,qsBr39LxFbNkid7B3EC0-DE POLLO,,,,-,Flautas DE POLLO,PtxDlyC77M9zbHO7pdwy,MENU ,-,-,1, $170.00 ,,,Completada,Cuenta de Mesa,551," $47,746.00 "," $52,939.00 "," $25,445.00 "," $26,899.00 "," $5,193.00 "," $2,796.90 ","5:14 PM, domingo 12 de julio de 2026",,,,, $31.00 
2026-07-12_cuentaCliente,d8YUUVPWIqwjuqi9KL6a-ARRACHERA O CECINA,,,,-,TECOLOTA ARRACHERA O CECINA,7CZdPUfwMjm82Koz03J0, ANAHUAC,-,-,1, $187.00 ,,,Completada,Cuenta de Mesa,551," $47,746.00 "," $52,939.00 "," $25,445.00 "," $26,899.00 "," $5,193.00 "," $2,796.90 ","5:14 PM, domingo 12 de julio de 2026",,,,, $31.00 
2026-07-12_cuentaCliente,awVhgNznadD7dPa0PkDM,,,,-,Cecina,PtxDlyC77M9zbHO7pdwy,MENU ,-,-,2, $530.00 ,,,Completada,Cuenta de Mesa,551," $47,746.00 "," $52,939.00 "," $25,445.00 "," $26,899.00 "," $5,193.00 "," $2,796.90 ","5:14 PM, domingo 12 de julio de 2026",,,,, $31.00 
